Country Code,Country,Religions,Birth rate,Total fertility rate,GDP per capita,Literacy rate,Urban population,Population,Median age,Population growth rate,Protestant,Catholic,Orthodox,Muslim,Jewish,Other Christian,None,Other
AF,Afghanistan,"Muslim 99.7% (Sunni 84.7 - 89.7%, Shia 10 - 15%), other &lt;0.3% (2009 est.)",34.2,4.43,2000.0,37.3,26.9,40121552.0,20.0,2.22,0.0,0.0,0.0,99.7,0.0,0.0,0.0,0.3
AL,Albania,"Muslim 56.7%, Roman Catholic 10%, Orthodox 6.8%, atheist 2.5%, Bektashi (a Sufi order) 2.1%, other 5.7%, unspecified 16.2% (2011 est.)",12.3,1.55,18200.0,98.4,64.6,3107100.0,36.3,0.16,0.0,10.0,6.8,56.7,0.0,0.0,0.0,26.5
AG,Algeria,"Muslim (official; predominantly Sunni) 99%, other (includes Christian, Jewish, Ahmadi Muslim, Shia Muslim, Ibadi Muslim) &lt;1% (2012 est.)",20.2,2.94,15200.0,81.4,75.3,47022473.0,29.1,1.54,0.0,0.0,0.0,99.60000000000001,0.2,0.2,0.0,0.0
AN,Andorra,"Christian (predominantly Roman Catholic) 89.5, other 8.8%, unaffiliated 1.7% (2020 est.)",6.9,1.47,64600.0,100.0,87.8,85370.0,48.8,0.12,0.0,0.0,0.0,0.0,0.0,0.0,0.0,10.5
AO,Angola,"Roman Catholic 41.1%, Protestant 38.1%, other 8.6%, none 12.3% (2014 est.)",41.1,5.7,7200.0,71.1,68.7,37202061.0,16.3,3.33,38.1,41.1,0.0,0.0,0.0,0.0,12.3,8.6
AC,Antigua and Barbuda,"Protestant 68.3% (Anglican 17.6%, Seventh Day Adventist 12.4%, Pentecostal 12.2%, Moravian 8.3%, Methodist 5.6%, Wesleyan Holiness 4.5%, Church of God 4.1%, Baptist 3.6%), Roman Catholic 8.2%, other 12.2%, unspecified 5.5%, none 5.9% (2011 est.)",14.9,1.93,29000.0,99.0,24.3,102634.0,33.9,1.11,68.3,8.2,0.0,0.0,0.0,0.0,5.9,17.7
AR,Argentina,"Roman Catholic 62.9%, Evangelical 15.3% (Pentecostal 13%, other Evangelical 2.3%), Jehovah's Witness and Church of Jesus Christ 1.4%, other 1.2% (includes Muslim, Jewish), none 18.9% (includes agnostic and atheist), unspecified 0.3% (2019 est.)",15.2,2.15,27100.0,99.0,92.5,46994384.0,33.3,0.79,15.3,62.9,0.0,0.3,0.3,0.0,9.45,11.75
AM,Armenia,"Armenian Apostolic Christian 95.2%, other Christian 1.6%, other 0.9%, none 0.6%, unspecified 1.7% (2022 est.)",10.5,1.65,19200.0,99.8,63.7,2976765.0,38.9,0.42,0.0,0.0,0.0,0.0,0.0,96.8,0.6,2.6
AJ,Azerbaijan,"Muslim 97.3% (predominantly Shia), Christian 2.6%, other &lt;0.1, unaffiliated &lt;0.1 (2020 est.)",11.2,1.69,21300.0,99.8,57.6,10650239.0,34.3,0.43,0.0,0.0,0.0,97.3,0.0,2.6,0.0,0.0
BA,Bahrain,"Muslim 74.2%, other (includes Christian, Jewish, Hindu, Baha'i) 25.8% (2020 est.)",12.2,1.65,57200.0,97.5,89.9,1566888.0,33.4,0.82,0.0,0.0,0.0,74.2,12.9,12.9,0.0,0.0
BG,Bangladesh,"Muslim 91%, Hindu 8%, other 1% (2022 est.)",17.3,2.07,8200.0,74.9,40.5,168697184.0,29.6,0.89,0.0,0.0,0.0,91.0,0.0,0.0,0.0,9.0
BB,Barbados,"Protestant 66.4% (includes Anglican 23.9%, other Pentecostal 19.5%, Adventist 5.9%, Methodist 4.2%, Wesleyan 3.4%, Nazarene 3.2%, Church of God 2.4%, Baptist 1.8%, Moravian 1.2%, other Protestant 0.9%), Roman Catholic 3.8%, other Christian 5.4% (includes Jehovah's Witness 2.0%, other 3.4%), Rastafarian 1%, other 1.5%, none 20.6%, unspecified 1.2% (2010 est.)",10.7,1.7,19200.0,99.6,31.4,304139.0,41.4,0.23,66.39999999999999,3.8,0.0,0.0,0.0,0.0,20.6,9.1
BO,Belarus,"Orthodox 48.3%, Catholic 7.1%, other 3.5%, non-believers 41.1% (2011 est.)",8.3,1.45,27700.0,99.9,80.7,9501451.0,42.1,0.42,0.0,7.1,48.3,0.0,0.0,0.0,0.0,44.6
BN,Benin,"Muslim 27.7%, Roman Catholic 25.5%, Protestant 13.5% (Celestial 6.7%, Methodist 3.4%, other Protestant 3.4%), Vodoun 11.6%, other Christian 9.5%, other traditional religions 2.6%, other 2.6%, none 5.8% (2013 est.)",40.3,5.34,3700.0,45.8,50.1,14697052.0,17.2,3.29,13.5,25.5,0.0,27.7,0.0,9.5,5.8,16.8
BL,Bolivia,"Roman Catholic 65%, Protestant 19.6% (Evangelical (non-specific) 11.9%, Evangelical Baptist 2.1%, Evangelical Pentecostal 1.8%, Evangelical Methodist 0.7%, Adventist 2.8%, Protestant (non-specific) 0.3%), Believer (not belonging to the church) 0.9%, other 4.8%, atheist 1.7%, agnostic 0.6%, none 6.1%, unspecified 1.3% (2023 est.)",17.6,2.2,9800.0,92.5,71.2,12311974.0,26.6,1.0,19.6,65.0,0.0,0.0,0.0,0.0,6.1,9.3
BK,Bosnia and Herzegovina,"Muslim 50.7%, Orthodox 30.7%, Roman Catholic 15.2%, atheist 0.8%, agnostic 0.3%, other 1.2%, undeclared/no answer 1.1% (2013 est.)",8.2,1.38,20100.0,98.1,50.3,3798671.0,44.8,0.25,0.0,15.2,30.7,50.7,0.0,0.0,0.0,3.4
BC,Botswana,"Christian 79.1%, Badimo 4.1%, other 1.4% (includes Baha'i, Hindu, Muslim, Rastafarian), none 15.2%, unspecified 0.3% (2011 est.)",19.6,2.34,18800.0,88.5,72.9,2450668.0,27.1,1.34,0.0,0.0,0.0,0.7,0.0,79.1,15.2,5.1
BR,Brazil,"Roman Catholic 52.8%, Protestant 26.7% (Evangelical 25.5%, other Protestant 1.2%), African-American cultist/Umbanda 1.8%, other 3%, agnostic/atheist 0.6%, none 13.6%, unspecified 1.4% (2023 est.)",13.2,1.74,19000.0,94.7,87.8,220051512.0,35.1,0.61,26.7,52.8,0.0,0.0,0.0,0.0,13.6,6.799999999999999
BX,Brunei,"Muslim (official) 82.1%, Christian 6.7%, Buddhist 6.3%, other 4.9% (2021 est.)",15.8,1.73,76800.0,97.6,79.1,491900.0,32.3,1.4,0.0,0.0,0.0,82.1,0.0,6.7,0.0,11.2
BU,Bulgaria,"Christian 64.7%, Muslim 9.8%, other 0.1%, none 4.7%, unspecified 20.7% (2021 est.)",7.9,1.51,33400.0,98.4,76.7,6782659.0,45.1,0.66,0.0,0.0,0.0,9.8,0.0,64.7,4.7,20.8
UV,Burkina Faso,"Muslim 63.8%, Roman Catholic 20.1%, Animiste 9%, Protestant 6.2%, other 0.2%, none 0.7% (2019 est.)",31.9,4.02,2500.0,46.0,32.5,23042199.0,18.7,2.4,6.2,20.1,0.0,63.8,0.0,0.0,0.7,9.2
BM,Burma,"Buddhist 87.9%, Christian 6.2%, Muslim 4.3%, Animist 0.8%, Hindu 0.5%, other 0.2%, none 0.1% (2014 est.)",15.7,1.97,5400.0,89.1,32.1,57527139.0,30.8,0.71,0.0,0.0,0.0,4.3,0.0,6.2,0.1,89.4
BY,Burundi,"Christian 93.9% (Roman Catholic 58.6%, Protestant 35.3% [includes Adventist 2.7% and other Protestant religions 32.6%]), Muslim 3.4%, other 1.3%, none 1.3% (2016-17 est.)",34.6,4.9,800.0,74.7,14.8,13590102.0,18.4,2.81,46.95,0.0,0.0,3.4,0.0,46.95,1.3,1.3
CB,Cambodia,"Buddhist (official) 97.1%, Muslim 2%, Christian 0.3%, other 0.5% (2019 est.)",18.2,2.17,6700.0,83.9,25.6,17063669.0,27.9,0.99,0.0,0.0,0.0,2.0,0.0,0.3,0.0,97.6
CM,Cameroon,"Roman Catholic 33.1%, Muslim 30.6%, Protestant 27.1% other Christian 6.1%, animist 1.3%, other 0.7%, none 1.2% (2022 est.)",34.7,4.44,4900.0,77.1,59.3,30966105.0,18.9,2.71,27.1,33.1,0.0,30.6,0.0,0.0,1.2,2.0
CV,Cabo Verde,"Roman Catholic 72.5%, Protestant 4% (includes Adventist 1.9%, Nazarene 1.8%, Assembly of God 0.2%, God is Love 0.1%), Christian Rationalism 1.7%, Muslim 1.3%, Jehovah's Witness 1.2%, Church of Jesus Christ 1%, other Christian 1.3%, other 1.2%, none 15.6%, no response 0.4% (2021 est.)",17.9,2.1,9300.0,90.8,68.0,611014.0,28.8,1.16,4.0,72.5,0.0,1.3,0.0,3.0,15.6,3.8000000000000003
CT,none,"Roman Catholic 34.6%, Protestant 15.7%, other Christian 22.9%, Muslim 13.8%, ethnic religionist 12%, Baha'i 0.2%, agnostic/atheist 0.7% (2020 est.)",31.9,3.94,1100.0,37.5,43.6,5650957.0,20.4,1.76,15.7,34.6,0.0,13.8,0.0,22.9,0.0,12.899999999999999
CD,Chad,"Muslim 52.1%, Protestant 23.9%, Roman Catholic 20%, animist 0.3%, other Christian 0.2%, none 2.8%, unspecified 0.7% (2014-15 est.)",39.2,5.24,1700.0,26.8,24.4,19093595.0,16.7,3.01,23.9,20.0,0.0,52.1,0.0,0.2,2.8,1.0
CI,Chile,"Roman Catholic 42%, Evangelical 14%, other 6%, none 37% (2021 est.)",12.4,1.75,29500.0,97.0,88.0,18664652.0,36.9,0.61,14.0,42.0,0.0,0.0,0.0,0.0,37.0,6.0
CH,China,"folk religion 21.9%, Buddhist 18.2%, Christian 5.1%, Muslim 1.8%, Hindu &lt; 0.1%, Jewish &lt; 0.1%, other 0.7% (includes Daoist (Taoist)), unaffiliated 52.1% (2021 est.)",10.2,1.55,22100.0,96.8,64.6,1416043270.0,40.2,0.23,0.0,0.0,0.0,1.8,0.1,5.1,0.0,93.0
CO,Colombia,"Roman Catholic 63.6%, Protestant 17.2% (Evangelical 16.7%, Adventist 0.3%, other Protestant 0.2%), Jehovah's Witness 0.6%, Church of Jesus Christ 0.1%, other 0.3%, believer, 0.2%. agnostic 1%, atheist 1%, none 14.2%, unspecified 1.8% (2023 est.)",14.9,1.94,18700.0,95.6,82.4,49588357.0,32.7,0.48,17.2,63.6,0.0,0.0,0.0,0.0,14.2,4.0
CN,Comoros,"Muslim 98.1% (overwhelmingly Sunni Muslim, small Shia Muslim and Ahmadiyya Muslim populations), ethnic religionist 1.1%, Christian 0.6%, other 0.3% (2020 est.)",21.6,2.61,3500.0,62.0,30.1,900141.0,22.7,1.3,0.0,0.0,0.0,98.1,0.0,0.6,0.0,1.4000000000000001
CG,DRC,"&nbsp;Christian 93/1% (Roman Catholic 29.9%, Protestant 26.7%, other Christian 36.5%), Kimbanguist 2.8%, Muslim 1.3%, other (includes syncretic sects and indigenous beliefs) 1.2%, none 1.3%, unspecified 0.2% (2014 est.)",39.2,5.49,1500.0,80.0,47.4,115403027.0,16.9,3.11,0.0,0.0,0.0,1.3,0.0,1.0,1.3,4.2
CF,Congo (Brazzaville),"Roman Catholic 33.1%, Awakening Churches/Christian Revival 22.3%, Protestant 19.9%, Salutiste 2.2%, Muslim 1.6%, Kimbanguiste 1.5%, other 8.1%, none 11.3% (2007 est.)",28.7,3.79,6200.0,80.6,69.2,6097665.0,20.7,2.38,19.9,33.1,0.0,1.6,0.0,22.3,11.3,11.8
CS,Costa Rica,"Roman Catholic 47.5%, Evangelical and Pentecostal 19.8%, Jehovah's Witness 1.4%, other Protestant 1.2%, other 3.1%, none 27% (2021 est.)",10.8,1.43,26300.0,98.0,82.6,5265575.0,35.5,0.74,21.0,47.5,0.0,0.0,0.0,0.0,27.0,4.5
IV,C&ocirc;te d'Ivoire,"Muslim 42.9%, Catholic 17.2%, Evangelical 11.8%, Methodist 1.7%, other Christian 3.2%, animist 3.6%, other religion 0.5%, none 19.1% (2014 est.)",27.5,3.4,6500.0,89.9,53.1,29981758.0,21.2,2.13,13.5,17.2,0.0,42.9,0.0,3.2,19.1,4.1
HR,Croatia,"Roman Catholic 79%, Orthodox 3.3%, Protestant 0.3%, other Christian 4.8%, Muslim 1.3%, other 1.1%, agnostic 1.7%, none or atheist 4.7%, unspecified 3.9% (2021 est.)",8.5,1.46,41100.0,99.4,58.6,4150116.0,45.1,0.46,0.3,79.0,3.3,1.3,0.0,4.8,4.7,6.699999999999999
CY,Cyprus,"Eastern Orthodox Christian 89.1%, Roman Catholic 2.9%, Protestant/Anglican 2%, Muslim 1.8%, Buddhist 1%, other (includes Maronite Catholic, Armenian Apostolic, Hindu) 1.4%, unknown 1.1%, none/atheist 0.6% (2011 est.)",10.2,1.49,53400.0,99.4,67.0,1320525.0,39.5,0.95,2.0,4.3,89.1,1.8,0.0,0.0,0.6,2.1
EZ,Czechia,"Roman Catholic 7%, other believers belonging to a church or religious society 6% (includes Evangelical United Brethren Church and Czechoslovak Hussite Church), believers unaffiliated with a religious society 9.1%, none 47.8%, unspecified 30.1% (2021 est.)",9.8,1.73,49700.0,99.0,74.6,10837890.0,44.2,0.04,3.0,7.0,0.0,0.0,0.0,0.0,47.8,42.2
DR,The Dominican,"Evangelical 50.2%, Roman Catholic 30.1%, none 18.5%, unspecified 1.2% (2023 est.)",17.3,2.15,23100.0,95.5,84.4,10815857.0,29.2,0.76,50.2,30.1,0.0,0.0,0.0,0.0,18.5,1.2
EC,Ecuador,"Roman Catholic 68.2%, Protestant 19% (Evangelical 18.3%, Adventist 0.6%, other Protestant 0.2%), Jehovah's Witness 1.4%, other 2.3%, none 8.2% don't know/no response 1% (2023 est.)",17.7,2.21,14500.0,93.9,64.8,18309984.0,28.0,0.94,19.0,68.2,0.0,0.0,0.0,0.0,8.2,3.6999999999999997
EG,Egypt,"Muslim (predominantly Sunni) 90%, Christian (majority Coptic Orthodox, other Christians include Armenian Apostolic, Catholic, Maronite, Orthodox, and Anglican) 10%",19.5,2.65,16700.0,73.1,43.1,111247248.0,24.4,1.49,0.0,0.0,0.0,90.0,0.0,10.0,0.0,0.0
ES,El Salvador,"Roman Catholic 43.9%, Protestant 39.6% (Evangelical - unspecified 38.2%, Evangelical - Methodist 1.3%, Evangelical - Baptist 0.1%), none 16.3%, unspecified 0.2% (2023 est.)",17.1,2.02,11400.0,89.1,75.4,6628702.0,29.7,0.34,39.6,43.9,0.0,0.0,0.0,0.0,16.3,0.2
EK,Equatorial Guinea,"Roman Catholic 88%, Protestant 5%, Muslim 2%, other 5% (animist, Baha'i, Jewish) (2015 est.)",29.0,4.12,15700.0,95.3,74.4,1795834.0,22.1,3.23,5.0,88.0,0.0,2.0,0.0,0.0,0.0,5.0
EN,Estonia,"Orthodox 16.5%, Protestant 9.2% (Lutheran 7.7%, other Protestant 1.5%), other 3% (includes Roman Catholic, Muslim, Jehovah's Witness, Pentecostal, Buddhist, and Taara Believer), none 58.4%, unspecified 12.9% (2021 est.)",8.2,1.62,42500.0,99.9,69.8,1193791.0,45.0,0.76,9.2,0.75,16.5,0.75,0.0,0.0,58.4,14.4
ET,Ethiopia,"Ethiopian Orthodox 43.8%, Muslim 31.3%, Protestant 22.8%, Catholic 0.7%, traditional 0.6%, other 0.8% (2016 est.)",29.6,3.84,2800.0,51.8,23.2,118550298.0,20.4,2.37,22.8,0.7,43.8,31.3,0.0,0.0,0.0,1.4
FJ,Fiji,"Protestant 45% (Methodist 34.6%, Assembly of God 5.7%, Seventh Day Adventist 3.9%, and Anglican 0.8%), Hindu 27.9%, other Christian 10.4%, Roman Catholic 9.1%, Muslim 6.3%, Sikh 0.3%, other 0.3%, none 0.8% (2007 est.)",15.9,2.21,13700.0,99.1,58.7,951611.0,31.6,0.4,45.0,9.1,0.0,6.3,0.0,10.4,0.8,28.5
GB,Gabon,"Protestant 46.4% (Revival Church 37%, other Protestant 9.4%), Roman Catholic 29.8%, other Christian 4%, Muslim 10.8%, traditional/animist 1.1%, other 0.9%, none 7% (2019-21 est.)",25.7,3.21,18700.0,85.5,91.0,2455105.0,22.0,2.37,46.4,29.8,0.0,10.8,0.0,4.0,7.0,2.0
GA,The Gambia,"Muslim 96.4%, Christian 3.5%, other or none 0.1% (2019-20 est.)",27.3,3.52,2900.0,58.1,64.5,2523327.0,20.2,2.16,0.0,0.0,0.0,96.4,0.0,3.5,0.0,0.1
GG,Georgia,"Eastern Orthodox Christian (official) 83.4%, Muslim 10.7%, Armenian Apostolic Christian 2.9%, other 1.2% (includes Roman Catholic Christian, Jehovah's Witness, Yazidi, Protestant Christian, Jewish), none 0.5%, unspecified/no answer 1.2% (2014 est.)",12.0,1.95,22600.0,99.6,60.7,4900961.0,38.3,0.5,0.19999999999999998,0.19999999999999998,83.4,10.7,0.19999999999999998,2.9,0.5,1.7999999999999998
GH,Ghana,"Christian 71.3% (Pentecostal/Charismatic 31.6%, Protestant 17.4%, Catholic 10%, other 12.3%), Muslim 19.9%, traditionalist 3.2%, other 4.5%, none 1.1% (2021 est.)",27.6,3.56,6800.0,79.0,59.2,34589092.0,21.4,2.15,0.0,0.0,0.0,19.9,0.0,71.3,1.1,7.7
GR,Greece,"Greek Orthodox 81-90%, Muslim 2%, other 3%, none 4-15%, unspecified 1% (2015 est.)",7.4,1.41,36900.0,97.9,80.7,10461091.0,46.5,0.35,0.0,0.0,90.0,2.0,0.0,0.0,15.0,4.0
GJ,Grenada,"Protestant 49.2% (includes Pentecostal 17.2%, Seventh Day Adventist 13.2%, Anglican 8.5%, Baptist 3.2%, Church of God 2.4%, Evangelical 1.9%, Methodist 1.6%, other 1.2%), Roman Catholic 36%, Jehovah's Witness 1.2%, Rastafarian 1.2%, other 5.5%, none 5.7%, unspecified 1.3% (2011 est.)",13.3,1.9,16900.0,98.6,37.1,114621.0,35.4,0.27,49.199999999999996,36.0,0.0,0.0,0.0,0.0,5.7,9.200000000000001
GT,Guatemala,"Evangelical 45.7%, Roman Catholic 42.4%, none 11%, unspecified 0.9% (2023 est.)",21.4,2.52,12400.0,83.3,53.1,18255216.0,24.8,1.49,45.7,42.4,0.0,0.0,0.0,0.0,11.0,0.9
GV,Guinea,"Muslim 85.2%, Christian 13.4%, animist 0.2%, none 1.2% (2018 est.)",35.3,4.78,3900.0,45.3,38.1,13986179.0,19.4,2.74,0.0,0.0,0.0,85.2,0.0,13.4,1.2,0.2
PU,Guinea-Bissau,"Muslim 46.1%, folk religions 30.6%, Christian 18.9%, other or unaffiliated 4.4% (2020 est.)",36.0,4.62,2600.0,52.9,45.5,2132325.0,18.4,2.54,0.0,0.0,0.0,46.1,0.0,18.9,0.0,35.0
GY,Guyana,"Protestant 34.8% (Pentecostal 22.8%, Seventh Day Adventist 5.4%, Anglican 5.2%, Methodist 1.4%), Hindu 24.8%, other Christian 20.8%, Roman Catholic 7.1%, Muslim 6.8%, Jehovah's Witness 1.3%, Rastafarian 0.5%, other 0.9%, none 3.1% (2012 est.)",16.7,2.05,49300.0,88.8,27.2,794099.0,28.3,0.32,34.8,7.1,0.0,6.8,0.0,20.8,3.1,27.5
HA,Haiti,"Catholic 55%, Protestant 29%, Vodou 2.1%, other 4.6%, none 10% (2018 est.)",21.2,2.44,3000.0,61.7,59.7,11753943.0,25.0,1.23,29.0,55.0,0.0,0.0,0.0,0.0,10.0,6.699999999999999
HO,Honduras,"Evangelical 55%, Roman Catholic 33.4%, none 10.1%, unspecified 1.5% (2023 est.)",19.9,2.33,6500.0,88.5,60.2,9529188.0,25.7,1.29,55.0,33.4,0.0,0.0,0.0,0.0,10.1,1.5
HU,Hungary,"Catholic 30.1% (Roman Catholic 27.5%, Greek Catholic 1.7%, other Catholic 0.9%), Calvinist 9.8%, Lutheran 1.8%, other Christian (includes Orthodox) 1.6%, other 0.4%, none 16.1%, no answer 40.1% (2022 est.)",9.1,1.6,40500.0,99.1,72.9,9855745.0,44.8,0.28,11.600000000000001,30.1,1.6,0.0,0.0,0.0,56.2,0.4
IN,India,"Hindu 79.8%, Muslim 14.2%, Christian 2.3%, Sikh 1.7%, other and unspecified 2% (2011 est.)",16.2,2.03,9200.0,74.4,36.4,1409128296.0,29.8,0.72,0.0,0.0,0.0,14.2,0.0,2.3,0.0,83.5
ID,Indonesia,"Muslim 87.4%, Protestant 7.5%, Roman Catholic 3.1%, Hindu 1.7%, other 0.8% (includes Buddhist and Confucian) (2022 est.)",14.8,1.96,13900.0,96.0,58.6,281562465.0,31.5,0.73,7.5,3.1,0.0,87.4,0.0,0.0,0.0,2.5
IR,Iran,"Muslim (official) 98.5%, Christian 0.7%, Baha'i 0.3%, agnostic 0.3%, other (includes Zoroastrian, Jewish, Hindu) 0.2% (2020 est.)",14.3,1.91,15900.0,88.7,77.3,88386937.0,33.8,0.88,0.0,0.0,0.0,98.5,0.2,0.7,0.0,0.6
IZ,Iraq,"Muslim (official) 95-98% (Shia 61-64%, Sunni 29-34%), Christian 1% (includes Catholic, Orthodox, Protestant, Assyrian Church of the East), other 1-4% (2015 est.)",23.7,3.1,12700.0,85.6,71.6,42083436.0,22.4,1.99,0.16666666666666666,0.16666666666666666,0.16666666666666666,98.0,0.0,0.5,0.0,4.0
IS,Israel,"Jewish 73.5%, Muslim 18.1%, Christian 1.9%, Druze 1.6%, other 4.9% (2022 est.)",19.1,2.92,48400.0,97.8,92.9,9402617.0,30.1,1.58,0.0,0.0,0.0,18.1,73.5,1.9,0.0,6.5
IT,Italy,"Christian 80.8% (overwhelmingly Roman Catholic with very small groups of Jehovah's Witnesses and Protestants), Muslim 4.9%, unaffiliated 13.4%, other 0.9% (2020 est.)",7.1,1.26,53300.0,99.2,72.0,60964931.0,48.4,0.08,0.0,0.0,0.0,4.9,0.0,80.8,0.0,14.3
JM,Jamaica,"Protestant 64.8% (includes Seventh Day Adventist 12.0%, Pentecostal 11.0%, Other Church of God 9.2%, New Testament Church of God 7.2%, Baptist 6.7%, Church of God in Jamaica 4.8%, Church of God of Prophecy 4.5%, Anglican 2.8%, United Church 2.1%, Methodist 1.6%, Revived 1.4%, Brethren 0.9%, and Moravian 0.7%), Roman Catholic 2.2%, Jehovah's Witness 1.9%, Rastafarian 1.1%, other 6.5%, none 21.3%, unspecified 2.3% (2011 est.)",15.6,2.05,10300.0,88.7,57.4,2823713.0,30.9,0.1,64.8,2.2,0.0,0.0,0.0,0.0,21.3,11.8
JO,Jordan,"Muslim 97.1% (official; predominantly Sunni), Christian 2.1% (majority Greek Orthodox, but some Greek and Roman Catholics, Syrian Orthodox, Coptic Orthodox, Armenian Orthodox, and Protestant denominations), Buddhist 0.4%, Hindu 0.1%, Jewish &lt;0.1%, folk &lt;0.1%, other &lt;0.1%, unaffiliated &lt;0.1% (2020 est.)",22.2,2.87,9400.0,98.4,92.0,11174024.0,25.0,0.78,0.0,0.0,0.0,97.1,0.1,2.1,0.0,0.7999999999999999
KZ,Kazakhstan,"Muslim 69.3%, Christian 17.2% (Orthodox 17%, other 0.2%), Buddhism 0.1%, other 0.1%, non-believers 2.3%, unspecified 11% (2021 est.)",17.2,2.58,34700.0,99.8,58.2,20260006.0,31.9,0.86,0.0,0.0,0.0,69.3,0.0,17.2,0.0,13.5
KE,Kenya,"Christian 85.5% (Protestant 33.4%, Catholic 20.6%, Evangelical 20.4%, African Instituted Churches 7%, other Christian 4.1%), Muslim 10.9%, other 1.8%, none 1.6%,&nbsp;don't&nbsp;know/no answer&nbsp;0.2% (2019 est.)",25.6,3.16,5700.0,82.6,29.5,58246378.0,21.2,2.06,0.0,0.0,0.0,10.9,0.0,85.5,1.6,2.0
KS,South Korea,"Protestant 17%, Buddhist 16%, Catholic 6%, none 60% (2021 est.)",7.0,1.12,50600.0,98.8,81.5,52081799.0,45.5,0.21,17.0,6.0,0.0,0.0,0.0,0.0,60.0,16.0
KU,Kuwait,"Muslim (official) 74.6%, Christian 18.2%, other and unspecified 7.2% (2013 est.)",17.5,2.21,46500.0,96.5,100.0,3138355.0,30.3,1.1,0.0,0.0,0.0,74.6,0.0,18.2,0.0,7.2
KG,Kyrgyzstan,"Muslim 90% (majority Sunni), Christian 7% (Russian Orthodox 3%), other 3% (includes Jewish, Buddhist, Baha'i) (2017 est.)",18.7,2.45,6400.0,99.6,37.8,6172101.0,28.3,0.79,0.0,0.0,0.0,90.0,1.5,7.0,0.0,1.5
LA,Laos&nbsp;,"Buddhist 64.7%, Christian 1.7%, none 31.4%, other/not stated 2.1% (2015 est.)",19.8,2.24,8400.0,87.1,38.2,7953556.0,25.4,1.26,0.0,0.0,0.0,0.0,0.0,1.7,31.4,66.8
LG,Latvia,"Lutheran 36.2%, Roman Catholic 19.5%, Orthodox 19.1%, other Christian 1.6%, other 0.1%, unspecified/none 23.5% (2017 est.)",8.3,1.55,37000.0,99.9,68.7,1801246.0,45.5,1.14,36.2,19.5,19.1,0.0,0.0,1.6,0.0,23.6
LE,Lebanon,"Muslim 67.8% (31.9% Sunni, 31.2% Shia, smaller percentages of Alawites and Ismailis), Christian 32.4% (Maronite Catholics are the largest Christian group), Druze 4.5%, very small numbers of Jews, Baha'is, Buddhists, and Hindus (2020 est.)",12.6,1.71,12300.0,95.1,89.4,5364482.0,36.3,0.61,0.0,0.0,0.0,67.8,0.0,32.4,0.0,4.5
LT,Lesotho,"Protestant 47.8% (Pentecostal 23.1%, Lesotho Evangelical 17.3%, Anglican 7.4%), Roman Catholic 39.3%, other Christian 9.1%, non-Christian 1.4%, none 2.3% (2014 est.)",22.9,2.85,2600.0,81.0,30.4,2227548.0,23.9,0.76,47.8,39.3,0.0,0.0,0.0,10.5,2.3,0.0
LI,Liberia,"Christian 84.9%, Muslim 12%, Traditional 0.5%, other 0.1%, none 2.6% (2022 est.)",32.4,3.93,1600.0,48.3,53.6,5437249.0,19.9,2.32,0.0,0.0,0.0,12.0,0.0,84.9,2.6,0.6
LY,Libya,"Muslim (official; virtually all Sunni) 96.6%, Christian 2.7%, Buddhist &lt;1%, Hindu &lt;1%, Jewish &lt;1%, folk religion &lt;1%, other &lt;1%, unaffiliated &lt;1% (2020 est.)",20.3,3.0,12500.0,91.0,81.6,7361263.0,26.2,1.44,0.0,0.0,0.0,96.6,1.0,2.7,0.0,5.0
LH,Lithuania,"Roman Catholic 74.2%, Russian Orthodox 3.7%, Old Believer 0.6%, Evangelical Lutheran 0.6%, Evangelical Reformist 0.2%, other (including Sunni Muslim, Jewish, Greek Catholic, and Karaite) 0.9%, none 6.1%, unspecified 13.7% (2021 est.)",8.9,1.62,46700.0,99.8,68.7,2628186.0,45.1,1.05,0.8,74.2,3.7,0.0,0.0,0.0,6.1,15.2
MK,North Macedonia,"Macedonian Orthodox 46.1%, Muslim 32.2%, other Christian 13.8%, other and non-believers 0.5%, unspecified 7.4% (2021 est.)",10.2,1.53,23600.0,98.4,59.5,2135622.0,40.5,0.1,0.0,0.0,46.1,32.2,0.0,13.8,0.0,7.9
MA,Madagascar,"Church of Jesus Christ in Madagascar/Malagasy Lutheran Church/Anglican Church 34%, Roman Catholic 32.3%, other Christian 8.1%, traditional/Animist 1.7%, Muslim 1.4%, other 0.6%, none 21.9% (2021 est.)",27.6,3.47,1600.0,77.3,40.6,29452714.0,21.3,2.18,34.0,32.3,0.0,1.4,0.0,8.1,21.9,2.3
MI,Malawi,"Protestant 33.5% (includes Church of Central Africa Presbyterian 14.2%, Seventh Day Adventist/Baptist 9.4%, Pentecostal 7.6%, Anglican 2.3%), Roman Catholic 17.2%, other Christian 26.6%, Muslim 13.8%, traditionalist 1.1%, other 5.6%, none 2.1% (2018 est.)",26.6,3.19,1600.0,67.3,18.3,21763309.0,20.3,2.22,33.5,17.2,0.0,13.8,0.0,26.6,2.1,6.699999999999999
MY,Malaysia,"Muslim (official) 63.5%, Buddhist 18.7%, Christian 9.1%, Hindu 6.1%, other (Confucianism, Taoism, other traditional Chinese religions) 0.9%, none/unspecified 1.8% (2020 est.)",14.2,1.73,32800.0,95.0,78.7,34564810.0,31.8,0.99,0.0,0.0,0.0,63.5,0.0,9.1,1.8,25.699999999999996
MV,Maldives,Sunni Muslim (official),15.1,1.7,22300.0,97.9,42.0,388858.0,31.9,0.2,0.0,0.0,0.0,0.0,0.0,0.0,0.0,0.0
ML,Mali,"Muslim 93.9%, Christian 2.8%, animist 0.7%, none 2.5% (2018 est.)",40.0,5.35,2400.0,35.5,46.2,21990607.0,16.4,2.9,0.0,0.0,0.0,93.9,0.0,2.8,2.5,0.7
MT,Malta,Roman Catholic (official) more than 90% (2006 est.),9.4,1.51,61100.0,94.9,94.9,469730.0,43.5,0.51,0.0,90.0,0.0,0.0,0.0,0.0,0.0,0.0
RM,Marshall Islands,"Protestant 79.3% (United Church of Christ 47.9%, Assembly of God 14.1%, Full Gospel 5%, Bukot Nan Jesus 3%, Salvation Army 2.3%, Reformed Congressional Church 2.2%, Seventh Day Adventist 1.7%, New Beginning Church 1.4%, other Protestant 1.6%), Roman Catholic 9.3%, Church of Jesus Christ 5.7%, Jehovah's Witness 1.3%, other 3.3%, none 1.1% (2021 est.)",21.2,2.67,6800.0,98.3,78.9,82011.0,25.5,1.26,79.3,9.3,0.0,0.0,0.0,0.0,1.1,10.3
MR,Mauritania,Muslim (official) 100%,27.2,3.4,6300.0,67.0,57.7,4328040.0,22.1,1.92,0.0,0.0,0.0,100.0,0.0,0.0,0.0,0.0
MP,Mauritius,"Hindu 48.5%, Roman Catholic 26.3%, Muslim 17.3%, other Christian 6.4%, other 0.6%, none 0.7%, unspecified 0.1% (2011 est.)",9.8,1.36,26600.0,92.2,40.9,1310504.0,39.6,0.07,0.0,26.3,0.0,17.3,0.0,6.4,0.7,49.2
MX,Mexico,"Roman Catholic 78%, Protestant/evangelical Christian 11.2%, other 0.002%, unaffiliated (includes atheism) 10.6% (2020 est.)",14.3,1.79,22100.0,95.2,81.6,130739927.0,30.8,0.72,11.2,78.0,0.0,0.0,0.0,0.0,0.0,10.602
MD,Moldova,"Orthodox 90.1%, other Christian 2.6%, other 0.1%, agnostic &lt;0.1%, atheist 0.2%, unspecified 6.9% (2014 est.)",8.4,1.26,15900.0,99.6,43.4,3599528.0,39.9,0.58,0.0,0.0,90.1,0.0,0.0,2.6,0.0,7.300000000000001
MG,Mongolia,"Buddhist 51.7%, Muslim 3.2%, Shamanist 2.5%, Christian 1.3%, other 0.7%, none 40.6% (2020 est.)",14.9,1.87,16200.0,99.2,69.1,3281676.0,31.5,0.78,0.0,0.0,0.0,3.2,0.0,1.3,40.6,54.900000000000006
MJ,Montenegro,"Orthodox 72.1%, Muslim 19.1%, Catholic 3.4%, atheist 1.2%, other 1.5%, unspecified 2.6% (2011 est.)",10.9,1.8,27900.0,99.0,68.5,599849.0,41.1,0.44,0.0,3.4,72.1,19.1,0.0,0.0,0.0,5.300000000000001
MO,Morocco,"Muslim 99% (official; virtually all Sunni, &lt;0.1% Shia), other 1% (includes Christian, Jewish, and Baha'i); note - Jewish about 3,000-3,500 (2020 est.)",16.8,2.25,8900.0,75.9,65.1,37387585.0,30.6,0.84,0.0,0.0,0.0,99.0,0.25,0.25,0.0,0.5
MZ,Mozambique,"Roman Catholic 27.2%, Muslim 18.9%, Zionist Christian 15.6%, Evangelical/Pentecostal 15.3%, Anglican 1.7%, other 4.8%, none 13.9%, unspecified 2.5% (2017 est.)",36.5,4.66,1500.0,63.4,38.8,33350954.0,17.3,2.54,15.3,27.2,0.0,18.9,0.0,15.6,13.9,9.0
WA,Namibia,"Christian 97.5%, other 0.6% (includes Muslim, Baha'i, Jewish, Buddhist), unaffiliated 1.9% (2020 est.)",24.3,2.89,10100.0,92.3,54.9,2803660.0,22.8,1.72,0.0,0.0,0.0,0.15,0.15,97.5,0.0,2.1999999999999997
NP,Nepal,"Hindu 81.2%, Buddhist 8.2%, Muslim 5.1%, Kirat 3.2%, Christian 1.8%, other 0.5% (2021 est.)",17.0,1.85,4900.0,71.2,21.9,31122387.0,27.6,0.7,0.0,0.0,0.0,5.1,0.0,1.8,0.0,93.10000000000001
NU,Nicaragua,"Roman Catholic 44.9%, Protestant 38.7% (Evangelical 38.2, Adventist 0.5%), other 1.2%, (includes Jehovah's Witness and Church of Jesus Christ), believer but not belonging to a church 1%, agnostic or atheist 0.4%, none 13.7%, unspecified 0.2% (2020 est.)",16.4,1.83,7500.0,82.6,59.8,6676948.0,29.0,0.95,38.7,44.9,0.0,0.0,0.0,0.0,13.7,2.8000000000000003
NG,Niger,"Muslim 95.5%, ethnic religionist 4.1%, Christian 0.3%, agnostics and other 0.1% (2020 est.)",46.6,6.64,1700.0,37.3,17.1,26342784.0,15.2,3.66,0.0,0.0,0.0,95.5,0.0,0.3,0.0,4.199999999999999
NI,Nigeria,"Muslim 53.5%, Roman Catholic 10.6%, other Christian 35.3%, other 0.6% (2018 est.)",33.8,4.52,5600.0,62.0,54.3,236747130.0,19.3,2.52,0.0,10.6,0.0,53.5,0.0,35.3,0.0,0.6
MU,Oman,"Muslim 85.9%, Christian 6.4%, Hindu 5.7%, other and unaffiliated 2% (2020 est.)",21.1,2.64,38300.0,95.7,88.4,3901992.0,27.3,1.75,0.0,0.0,0.0,85.9,0.0,6.4,0.0,7.7
PK,Pakistan,"Muslim (official) 96.5% (Sunni 85-90%, Shia 10-15%), other (includes Christian and Hindu) 3.5% (2020 est.)",25.5,3.32,5400.0,58.0,38.0,252363571.0,22.9,1.86,0.0,0.0,0.0,96.5,0.0,3.5,0.0,0.0
PS,Palau,"Roman Catholic 46.9%, Protestant 30.9% (Evangelical 24.6%, Seventh Day Adventist 5%, other Protestant 1.4%), Modekngei 5.1% (indigenous to Palau), Muslim 4.9%, other 12.3% (2020 est.)",11.6,1.7,15800.0,96.6,82.4,21864.0,35.3,0.38,30.9,46.9,0.0,4.9,0.0,0.0,0.0,17.4
PM,Panama,"Evangelical 55%, Roman Catholic 33.4%, none 10.1%, unspecified 1.5% (2023 est.)",17.4,2.35,35900.0,95.7,69.5,4470241.0,31.5,1.48,55.0,33.4,0.0,0.0,0.0,0.0,10.1,1.5
PP,Papua New Guinea,"Protestant 64.3% (Evangelical Lutheran 18.4%, Seventh Day Adventist 12.9%, Pentecostal 10.4%, United Church 10.3%, Evangelical Alliance 5.9%, Anglican 3.2%, Baptist 2.8%, Salvation Army 0.4%), Roman Catholic 26%, other Christian 5.3%, non-Christian 1.4%, unspecified 3.1% (2011 est.)",28.1,3.79,4200.0,64.2,13.7,10046233.0,21.7,2.26,64.3,26.0,0.0,0.0,0.0,6.699999999999999,0.0,3.1
PA,Paraguay,"Roman Catholic 80.4%, Protestant 7% (Evangelical (non-specific) 6.7%, Evangelical Pentecostal &lt;0.1%, Adventist &lt;0.1%, Protestant (non-specific) &lt;0.1%), Believer (not belonging to the church) 5.7%, other 0.6%, agnostic &lt;0.1%, none 0.2%, unspecified 6.2% (2023 est.)",15.9,1.88,15800.0,94.5,63.1,7522549.0,31.8,1.09,7.0,80.4,0.0,0.0,0.0,0.0,0.2,12.6
PE,Peru,"Roman Catholic 66.4%, Protestant 22.4% (Evangelical 19.6%, other Protestant 1.3%), other 1.9%, agnostic/atheist none 6.8%, unspecified 1.2% (2023 est.)",16.7,2.15,15300.0,94.5,78.9,32600249.0,30.2,0.48,22.4,66.4,0.0,0.0,0.0,0.0,0.0,9.899999999999999
RP,Philippines,"Roman Catholic 78.8%, Muslim 6.4%, Iglesia ni Cristo 2.6%, other Christian 3.9%, other 8.2%, none/unspecified &lt;0.1 (2020 est.)",22.1,2.75,9900.0,96.3,48.3,118277063.0,25.7,1.56,0.0,78.8,0.0,6.4,0.0,3.9,0.0,10.799999999999999
PL,Poland,"Catholic 84.6% (Roman Catholic 84.6% and other Catholic 0.3%), Orthodox 1.3% (almost all are Polish Autocephalous Orthodox), Protestant 0.4% (mainly Augsburg Evangelical and Pentecostal), other 0.3%, unspecified 13% (2022 est.)",8.4,1.32,44400.0,99.8,60.2,38746310.0,42.9,1.0,0.4,84.6,1.3,0.0,0.0,0.0,0.0,13.3
PO,Portugal,"Roman Catholic 79.7%, Protestant 2.2%, other Christian 2.5%, other non-Christian, 1.1%, none 14.5% (2021 est.)",8.0,1.45,41800.0,95.9,67.9,10207177.0,46.4,0.14,2.2,79.7,0.0,0.0,0.0,2.5,14.5,1.1
QA,Qatar,"Muslim 65.2%, Christian 13.7%, Hindu 15.9%, Buddhist 3.8%, folk religion &lt;0.1%, Jewish &lt;0.1%, other &lt;1%, unaffiliated &lt;1% (2020 est.)",9.2,1.9,116200.0,93.5,99.4,2552088.0,34.3,0.71,0.0,0.0,0.0,65.2,0.1,13.7,0.0,21.8
RO,Romania,"Romanian Orthodox 85.3%, Roman Catholic 4.5%, Reformed 3%, Pentecostal 2.5%, other 4.7% (2021 est.)",8.5,1.63,40700.0,98.9,54.7,18148155.0,45.5,0.94,0.0,4.5,85.3,0.0,0.0,0.0,0.0,10.2
RS,Russia,"Russian Orthodox 15-20%, Muslim 10-15%, other Christian 2% (2006 est.)",8.4,1.52,39800.0,99.7,75.3,140820810.0,41.9,0.49,0.0,0.0,20.0,15.0,0.0,2.0,0.0,0.0
RW,Rwanda,"Christian 95.9% (Protestant 57.7% [includes Adventist 12.6%], Roman Catholic 38.2%), Muslim 2.1%, other 1% (includes traditional, Jehovah's Witness), none 1.1% (2019-20 est.)",25.0,3.14,3100.0,75.9,17.9,13623302.0,20.8,1.62,23.975,23.975,0.0,2.1,0.0,47.95,1.1,1.0
WS,Samoa,"Protestant 54.9% (Congregationalist 29%, Methodist 12.4%, Assembly of God 6.8%, Seventh Day Adventist 4.4%, other Protestant 2.3%), Roman Catholic 18.8%, Church of Jesus Christ 16.9%, Worship Centre 2.8%, other Christian 3.6%, other 2.9% (includes Baha'i, Muslim), none 0.2% (2016 est.)",18.8,2.33,6300.0,99.1,17.5,208853.0,27.4,0.65,54.9,18.8,0.0,1.45,0.0,3.6,0.2,21.15
TP,Sao Tome and Principe,"Catholic 55.7%, Adventist 4.1%, Assembly of God 3.4%, New Apostolic 2.9%, Mana 2.3%, Universal Kingdom of God 2%, Jehovah's Witness 1.2%, other 6.2%, none 21.2%, unspecified 1% (2012 est.)",26.7,3.31,5500.0,94.8,76.4,223561.0,20.8,1.42,4.1,55.7,0.0,0.0,0.0,0.0,21.2,19.0
SA,Saudi Arabia,"Muslim (official; citizens are 85-90% Sunni and 10-12% Shia), other (includes Eastern Orthodox, Protestant, Roman Catholic, Jewish, Hindu, Buddhist, and Sikh) (2020 est.)",13.6,1.87,55100.0,97.6,85.0,36544431.0,32.4,1.68,0.0,0.0,0.0,90.0,0.0,0.0,0.0,0.0
SG,Senegal,"Muslim 97.2% (most adhere to one of the four main Sufi brotherhoods), Christian 2.7% (mostly Roman Catholic) (2019 est.)",30.2,4.06,4300.0,56.3,49.6,18847519.0,19.2,2.46,0.0,0.0,0.0,97.2,0.0,2.7,0.0,0.0
RI,Serbia,"Orthodox 84.6%, Catholic 5%, Muslim 3.1%, Protestant 1%, atheist 1.1%, other 0.8% (includes agnostics, other Christians, Eastern, Jewish), undeclared or unknown 4.5% (2011 est.)",8.8,1.46,26000.0,99.5,57.1,6652212.0,43.9,0.61,1.0,5.0,84.6,3.1,0.4,0.0,0.0,6.0
SE,Seychelles,"Roman Catholic 76.2%, Protestant 10.5% (Anglican 6.1%, Pentecostal Assembly 1.5%, Seventh Day Adventist 1.2%, other Protestant 1.7%), other Christian 2.4%, Hindu 2.4%, Muslim 1.6%, other non-Christian 1.1%, unspecified 4.8%, none 0.9% (2010 est.)",11.8,1.81,29500.0,95.9,58.8,98187.0,38.7,0.56,10.5,76.2,0.0,1.6,0.0,3.5,0.9,7.199999999999999
SL,Sierra Leone,"Muslim 77.1%, Christian 22.9% (2019 est.)",30.8,3.61,3000.0,48.6,44.3,9121049.0,19.4,2.32,0.0,0.0,0.0,77.1,0.0,22.9,0.0,0.0
SN,Singapore,"Buddhist 31.1%, Christian 18.9%, Muslim 15.6%, Taoist 8.8%, Hindu 5%, other 0.6%, none 20% (2020 est.)",8.8,1.17,127500.0,97.5,100.0,6028459.0,39.4,0.87,0.0,0.0,0.0,15.6,0.0,18.9,20.0,45.50000000000001
SI,Slovenia,"Catholic 69%, Orthodox 4%, Muslim 3%, Christian 1%, other 3%, atheist 14%, non-believer/agnostic 4%, refused to answer 2% (2019 est.)",8.0,1.6,48200.0,99.7,56.1,2097893.0,46.3,0.1,0.0,69.0,4.0,3.0,0.0,1.0,0.0,23.0
SF,South Africa,"Christian 86%, ancestral, tribal, animist, or other traditional African religions 5.4%, Muslim 1.9%, other 1.5%, nothing in particular 5.2% (2015 est.)",17.7,2.27,13700.0,95.0,68.8,60442647.0,30.4,1.07,0.0,0.0,0.0,1.9,0.0,86.0,0.0,12.100000000000001
SP,Spain,"Roman Catholic 58.2%, atheist 16.2%, agnostic 10.8%, other 2.7%, non-believer 10.5%, unspecified 1.7% (2021 est.)",7.1,1.3,47100.0,98.6,81.6,47280433.0,46.8,0.12,0.0,58.2,0.0,0.0,0.0,0.0,0.0,41.900000000000006
CE,Sri Lanka,"Buddhist (official) 70.2%, Hindu 12.6%, Muslim 9.7%, Roman Catholic 6.1%, other Christian 1.3%, other 0.05% (2012 est.)",14.5,2.13,13000.0,92.3,19.2,21982608.0,34.1,0.39,0.0,6.1,0.0,9.7,0.0,1.3,0.0,82.85
SU,Sudan,"Sunni Muslim, small Christian minority",33.1,4.47,2500.0,60.7,36.3,50467278.0,19.3,2.55,0.0,0.0,0.0,0.0,0.0,0.0,0.0,0.0
NS,Suriname,"Protestant 23.6% (includes Evangelical 11.2%, Moravian 11.2%, Reformed 0.7%, Lutheran 0.5%), Hindu 22.3%, Roman Catholic 21.6%, Muslim 13.8%, other Christian 3.2%, Winti 1.8%, Jehovah's Witness 1.2%, other 1.7%, none 7.5%, unspecified 3.2% (2012 est.)",14.9,1.89,19000.0,95.0,66.4,646758.0,32.0,1.07,23.6,21.6,0.0,13.8,0.0,3.2,7.5,30.2
WZ,Eswatini,"Christian 90% (Zionist - a blend of Christianity and traditional African religions - 40%, Roman Catholic 20%, other Christian 30% - includes Anglican, Methodist, Church of Jesus Christ, Jehovah's Witness), Muslim 2%, other 8% (includes Baha'i, Buddhist, Hindu, indigenous, Jewish) (2015 est.)",22.3,2.37,10100.0,88.4,24.8,1138089.0,24.6,0.7,45.0,0.0,0.0,2.0,4.0,45.0,0.0,4.0
TI,Tajikistan,"Muslim 98% (Sunni 95%, Shia 3%) other 2% (2014 est.)",25.8,3.56,4500.0,99.8,28.2,10394063.0,22.8,1.92,0.0,0.0,0.0,98.0,0.0,0.0,0.0,0.0
TZ,Tanzania,"Christian 63.1%, Muslim 34.1%, folk religion 1.1%, Buddhist &lt;1%, Hindu &lt;1%, Jewish &lt;1%, other &lt;1%, unspecified 1.6% (2020 est.)",32.5,4.27,3600.0,81.8,37.4,67462121.0,19.1,2.72,0.0,0.0,0.0,34.1,1.0,63.1,0.0,5.699999999999999
TH,Thailand,"Buddhist 92.5%, Muslim 5.4%, Christian 1.2%, other 0.9% (includes animist, Confucian, Hindu, Jewish, Sikh, and Taoist) (2021 est.)",9.9,1.54,21100.0,94.1,53.6,69920998.0,41.5,0.17,0.0,0.0,0.0,5.4,0.45,1.2,0.0,92.95
TT,Timor-Leste,"Roman Catholic 97.6%, Protestant/Evangelical 2%, Muslim 0.2%, other 0.2% (2015 est.)",29.7,3.98,4300.0,68.1,32.5,1506909.0,20.6,2.04,2.0,97.6,0.0,0.2,0.0,0.0,0.0,0.2
TO,Togo,"Christian 42.3%, folk religion 36.9%, Muslim 14%, Hindu &lt;1%, Buddhist &lt;1%, Jewish &lt;1%, other &lt;1%, none 6.2% (2020 est.)",30.9,4.13,2800.0,66.5,44.5,8917994.0,20.7,2.41,0.0,0.0,0.0,14.0,1.0,42.3,6.2,39.9
TD,Trinidad and Tobago,"Protestant 32.1% (Pentecostal/Evangelical/Full Gospel 12%, Baptist 6.9%, Anglican 5.7%, Seventh Day Adventist 4.1%, Presbyterian/Congregational 2.5%, other Protestant 0.9%), Roman Catholic 21.6%, Hindu 18.2%, Muslim 5%, Jehovah's Witness 1.5%, other 8.4%, none 2.2%, unspecified 11.1% (2011 est.)",10.5,1.63,31700.0,99.0,53.4,1408966.0,38.5,0.1,32.1,21.6,0.0,5.0,0.0,0.0,2.2,39.2
TS,Tunisia,"Muslim (official; Sunni) 99%, other (includes Christian, Jewish, Shia Muslim, and Baha'i) &lt;1%",13.5,1.93,12600.0,82.7,70.5,12048847.0,34.4,0.58,0.0,0.0,0.0,99.33333333333333,0.3333333333333333,0.3333333333333333,0.0,0.0
TU,Turkey,"Muslim 99.8% (mostly Sunni), other 0.2% (mostly Christians and Jews)",13.8,1.9,34600.0,96.7,77.5,84119531.0,34.0,0.61,0.0,0.0,0.0,99.8,0.0,0.0,0.0,0.2
TX,Turkmenistan,"Muslim 93%, Christian 6.4%, Buddhist &lt;1%, folk religion &lt;1%, Jewish &lt;1%, other &lt;1%, unspecified &lt;1% (2020 est.)",16.8,2.02,17900.0,99.7,54.0,5744151.0,31.2,0.92,0.0,0.0,0.0,93.0,1.0,6.4,0.0,4.0
UG,Uganda,"Protestant 45.1% (Anglican 32.0%, Pentecostal/Born Again/Evangelical 11.1%, Seventh Day Adventist 1.7%, Baptist .3%), Roman Catholic 39.3%, Muslim 13.7%, other 1.6%, none 0.2% (2014 est.)",39.6,5.17,2800.0,79.0,26.8,49283041.0,16.2,3.18,45.1,39.3,0.0,13.7,0.0,0.0,0.2,1.6
UP,Ukraine,"Orthodox (includes the Orthodox Church of Ukraine (OCU), Ukrainian Autocephalous Orthodox Church (UAOC), and the Ukrainian Orthodox - Moscow Patriarchate (UOC-MP)), Ukrainian Greek Catholic, Roman Catholic, Protestant, Muslim, Jewish (2013 est.)",6.0,1.22,15900.0,100.0,70.1,35661826.0,44.9,2.38,0.0,0.0,0.0,0.0,0.0,0.0,0.0,0.0
AE,none,"Muslim 74.5% (official) (Sunni 63.3%, Shia 6.7%, other 4.4%), Christian 12.9%, Hindu 6.2%, Buddhist 3.2%, agnostic 1.3%, other 1.9% (2020 est.)",10.7,1.61,68600.0,98.1,87.8,10032213.0,35.8,0.6,0.0,0.0,0.0,74.5,0.0,12.9,0.0,12.600000000000001
UY,Uruguay,"Roman Catholic 36.5%, Protestant 5% (Evangelical (non-specific) 4.6%, Adventist 0.2%, Protestant (non-specific) 0.3%), African American Cults/Umbanda 2.8%, Jehovah's Witness 0.6%, Church of Jesus Christ 0.2%, other 1%, Believer (not belonging to the church) 1.8%, agnostic 0.3%, atheist 1.3%, none 47.3%, unspecified 3.4%<br><br>Roman Catholic 42%, Protestant 15%, other 6%, agnostic 3%, atheist 10%, unspecified 24% (2023 est.)",12.6,1.75,31000.0,98.8,95.8,3425330.0,36.5,0.26,20.0,36.5,0.0,0.0,0.0,0.0,47.3,54.4
UZ,Uzbekistan,"Muslim 88% (mostly Sunni), Eastern Orthodox 9%, other 3%",20.5,2.76,10000.0,100.0,50.5,36520593.0,28.9,1.43,0.0,0.0,9.0,88.0,0.0,0.0,0.0,3.0
NH,Vanuatu,"Protestant 39.9% (Presbyterian 27.2%, Seventh Day Adventist 14.8%, Anglican 12%, Churches of Christ 5%, Assemblies of God 4.9%, Neil Thomas Ministry/Inner Life Ministry 3.2%), Roman Catholic 12.1%, Apostolic 2.3%, Church of Jesus Christ 1.8%, customary beliefs (including Jon Frum cargo cult) 3.1%, other 12%, none 1.4%, unspecified 0.1% (2020 est.)",20.8,2.53,3100.0,89.1,26.0,318007.0,24.6,1.55,39.9,12.1,0.0,0.0,0.0,0.0,1.4,19.3
VM,Vietnam,"Catholic 6.1%, Buddhist 5.8%, Protestant 1%, other 0.8%, none 86.3% (2019 est.)",14.9,2.03,13500.0,95.8,39.5,105758975.0,33.1,0.89,1.0,6.1,0.0,0.0,0.0,0.0,86.3,6.6
ZA,Zambia,"Protestant 75.3%, Roman Catholic 20.2%, other 2.7% (includes Muslim, Buddhist, Hindu, and Baha'i), none 1.8% (2010 est.)",34.1,4.42,3700.0,86.7,46.3,20799116.0,18.4,2.83,75.3,20.2,0.0,1.35,0.0,0.0,1.8,1.35
ZI,Zimbabwe,"Apostolic Sect 40.3%, Pentecostal 17%, Protestant 13.8%, other Christian 7.8%, Roman Catholic 6.4%, African traditionalist 5%, other 1.5% (includes Muslim, Jewish, Hindu), none 8.3% (2022 est.)",28.8,3.47,3400.0,89.7,32.5,17150352.0,21.2,1.91,13.8,6.4,0.0,0.375,0.375,7.8,8.3,63.05
